Workbook

Sheet MAESTRO
D3: DESCRIPCIÓN | E3: CÓDIGO | G3: DESCRIPCIÓN DEL TIPO SEGURO (BENEFICIARIO) | H3: TIPO SEGURO (BENEFICIARIO) | M3: DURACION DE CONSULTA | P3: MAESTRO DE PARENTESCO | U3: DIAGNOSTICO
B4: IESS | C4: PSICOLOGIA (CE) | D4: GINECOLOGIA (CE) | E4: 0000000148 | G4: SEGURO SOCIAL CAMPESINO | H4: CA | J4: PRIMERA | K4: P | N4: MINUTOS | P4: CÓDIGO | S4: MASCULINO | U4: PRESUNTIVO
B5: ISSFA | C5: MEDICINA FAMILIAR | D5: MEDICINA FAMILIAR | E5: 0000000582 | G5: SEGURO SOCIAL CAMPESINO JUBILADO | H5: JC | J5: SUBSECUENTE | K5: S | N5: PRIMERA | O5: SUBSECUENTE | P5: CONYUGE | Q5: C | S5: FEMENINO | U5: DEFINITIVO
B6: ISSPOL | C6: OBSTETRICIA (CE) | D6: MEDICINA GENERAL (CE) | E6: 0000000531 | G6: ISSFA | H6: CSF | M6: PSICOLOGIA (CE) | N6: 45 | O6: 45 | P6: HIJO/HIJA | Q6: H
B7: SEGURO CAMPESINO | C7: MEDICINA GENERAL (CE) | D7: OBSTETRICIA (CE) | E7: 0000000552 | G7: ISSPOL | H7: CSP | M7: MEDICINA FAMILIAR | N7: 40 | O7: 30 | P7: PARIENTE | Q7: X
C8: NUTRICION Y DIETETICA | D8: PEDIATRIA (CE) | E8: 0000000107 | G8: VOLUNTARIOS | H8: SV | M8: OBSTETRICIA (CE) | N8: 40 | O8: 30 | P8: TITULAR | Q8: T
C9: GINECOLOGIA (CE) | D9: PSICOLOGIA (CE) | E9: 0000000990 | G9: JUBILADOS (PASIVOS) | H9: JU | M9: MEDICINA GENERAL (CE) | N9: 40 | O9: 20
C10: PEDIATRIA (CE) | D10: NUTRICION Y DIETETICA | E10: 0000000573 | G10: MONTEPIO (VIUDAS Y HUERFANOS) | H10: MO | M10: NUTRICION Y DIETETICA | N10: 45 | O10: 30
C11: ACUPUNTURA | G11: RIESGOS DE TRABAJO | H11: RT | M11: GINECOLOGIA (CE) | N11: 40 | O11: 40
G12: ACTIVO (SEGURO GENERAL) | H12: SG | M12: PEDIATRIA (CE) | N12: 40 | O12: 30
G13: CONYUGUE | H13: CY | M13: ACUPUNTURA | N13: 40 | O13: 40
G14: MENORES DEPENDIENTES | H14: AG

Sheet INSTRUCTIVO5
A1: PACIENTE IESS ISSFA ISSPOL MSP SEGURO CAMPESINO | B1: DEPENDENCIA | C1: DEPENDENCIA CODIGO | D1: NUMERO EXPEDIENTE | E1: FECHA ATENCION | F1: DESCRIPCIÓN DEL TIPO SEGURO (BENEFICIARIO) | G1: TIPO SEGURO (BENEFICIARIO) | H1: C.I PACIENTE | I1: APELLIDOS Y NOMBRES | J1: SEXO | K1: FECHA NACIMIENTO | L1: EDAD | M1: CIE 10 (1) | N1: PRIMERA/SUBSECUENTE | O1: CANT | P1: VALOR UNITARIO | Q1: DURACIÓN | R1: DURACION CONSULTA (TIEMPO) | S1: PARENTESCO | T1: PARENTESCO CODIGO | U1: CI AFILIADO | V1: APELLIDOS Y NOMBRES | W1: DIAGNOSTICO PRESUNTIVO/DEFINITIVO | X1: OBSERVACIONES | Y1: NOMBRE DEL RESPONSABLE
A2: IESS | B2: OBSTETRICIA (CE) | C2: 552 | D2: 1 | E2: 45450 | F2: AFILIADO VOLUNTARIO * | G2: SV | H2: 1725451524 | I2: CASTILLO CRUZ JUAN DAVID | J2: M | K2: 36703 | L2: 23 | N2: P | O2: 1 | P2: 14 | Q2: PSICOLOGOS | R2: 45 | S2: TITULAR | T2: T | U2: 1725451524 | V2: CASTILLO CRUZ JUAN DAVID | W2: P
A4: SE DESCRIBE CADA UNA DE LAS VARIABLES EN DONDE:
A6: PACIENTE IESS ISSFA ISSPOL MSP SEGURO CAMPESINO | B6: DEPENDENCIA | C6: DEPENDENCIA CODIGO | D6: NUMERO EXPEDIENTE | E6: FECHA ATENCION | F6: DESCRIPCIÓN DEL TIPO SEGURO (BENEFICIARIO) | G6: TIPO SEGURO (BENEFICIARIO) | H6: C.I PACIENTE | I6: APELLIDOS Y NOMBRES | J6: SEXO | K6: FECHA NACIMIENTO | L6: EDAD | M6: CIE 10 (1) | N6: P/S | O6: CANT | P6: VALOR UNITARIO | Q6: DURACIÓN | R6: DURACION CONSULTA (TIEMPO) | S6: PARENTESCO | T6: PARENTESCO CODIGO | U6: CI AFILIADO | V6: APELLIDOS Y NOMBRES | W6: DIAGNOSTICO PRESUNTIVO/DEFINITIVO | X6: OBSERVACIONES | Y6: NOMBRE DEL RESPONSABLE
B7: DESCRIPCIÓN | C7: CÓDIGO | D7: SE INGRESA N° DE MANERA CONSECUTIVA (001...) | E7: SE INGRESA LA FECHA DE ATENCION (DD/MM/AAAA) | F7: SEGURO SOCIAL CAMPESINO | G7: CA | H7: SE INGRESA CÉDULA DEL PACIENTE | I7: SE INGRESA LOS APELLIDOS Y NOMBRES DEL PACIENTE | J7: SE INGRESA (M = MASCULINO F = FEMENINO) | K7: SE INGRESA (DD/MM/AAAA) | L7: SE CALCULA LA EDAD DEL PACIENTE CON FORMULA MEDIANTE SU FECHA DE NACIEMIENTO | M7: SE INGRESA DIAGNOSTICO PRINCIPAL SE PRIORISA MORBILIDAD | N7: SE INGRESA P = PRIMERA / S = SUB SECUENTE | O7: SE INGRESA (1) | P7: 6.5 | S7: CÓDIGO | U7: SE INGRESA N° DE CÉDULA DEL AFIALIADO | V7: SE INGRESA APELLIDOS Y NOMBRES DEL AFILIADO | W7: P = PRESEUNTIVO / D = DEFINITIVO | X7: SE INGRESA EL NOMBRE DEL MEDICO QUE ATIENDE | Y7: SE INGRESA NOMBRE DEL RESPONSABLE
B8: GINECOLOGIA (CE) | C8: 0000000148 | F8: SEGURO SOCIAL CAMPESINO JUBILADO | G8: JC | P8: 9.5 | S8: CONYUGE | T8: C
A9: IESS | B9: MEDICINA FAMILIAR | C9: 0000000582 | F9: ISSFA | G9: CSF | P9: 14 | S9: HIJO/HIJA | T9: H
A10: ISSFA | B10: MEDICINA GENERAL (CE) | C10: 0000000531 | F10: ISSPOL | G10: CSP | P10: 20 | S10: PARIENTE | T10: X
A11: ISSPOL | B11: OBSTETRICIA (CE) | C11: 0000000552 | F11: VOLUNTARIOS | G11: SV | P11: 6 | S11: TITULAR | T11: T
A12: SEGURO CAMPESINO | B12: PEDIATRIA (CE) | C12: 0000000107 | F12: JUBILADOS (PASIVOS) | G12: JU | P12: 9
B13: PSICOLOGIA (CE) | C13: 0000000990 | F13: MONTEPIO (VIUDAS Y HUERFANOS) | G13: MO | P13: 13.5
B14: NUTRICION Y DIETETICA | C14: 0000000573 | F14: RIESGOS DE TRABAJO | G14: RT | P14: 19.5 | X14: EN EL CASO DE PACIENTE MENOR DE 18 AÑOS CI Y NOMBRES Y APELLIDOS DE PAPA Y MAMA SE DESCARGA LAS DOS COBERTURAS A SI NO TENGAN COBERTURA UNO DE LOS DOS
F15: ACTIVO (SEGURO GENERAL) | G15: SG | P15: SE CARGA AUTOMATICAMENTE DE ACUERDO AL CODIGO TARIFARIO
A16: NOTA: LAS PACIENTES EMBARAZADAS MENORES DE 18 AÑOS NO ENTRAN AL PLANILLAJE CON COBERTURA DE PADRES IESS | F16: CONYUGUE | G16: CY | Q16: DURACION DE CONSULTA
F17: MENORES DEPENDIENTES | G17: AG
R18: MINUTOS
Q19: PSICOLOGOS | R19: 45
Q20: MEDICINA FAMILIAR | R20: 40
Q21: MEDICINA FAMILIAR SUB | R21: 30 | X21: EN EL CASO DE PACIENTE SEGURO CAMPESINO CI Y NOMBRES Y APELLIDOS DE JEFE DE FAMILIA SE DESCARGA LAS DOS COBERTURAS A SI NO TENGAN COBERTURA UNO DE LOS DOS
Q22: OBSTETRIZ | R22: 40
F23: EN CASO DE IESS DESCARGAR COBERTURA DE QUIEN DEPENDE LA COBERTURA Y DESCARGAR COBERTURA EN LA CARPETA CORRESPONDIENTE | Q23: OBSTETRIZ SUB | R23: 30
Q24: MEDICINA GENERAL - EMBARAZADAS, ADOLECENTES, DISCAPACIDAD Y TERCERA EDAD | R24: 40
Q25: MEDICINA GENERAL SUB- EMBARAZADAS, ADOLECENTES, DISCAPACIDAD Y TERCERA EDAD | R25: 20
Q26: MEDICINA GENERAL - PACIENTE GENERAL | R26: 20
Q27: GINECÓLOGO | R27: 40
Q28: GINECÓLOGO SUB | R28: 30 | X28: EN CASO DE COBERTURA DEL CONYUGUE SE DEBE COLOCAR COBERTURA DE LA PAREJA Y DESCARGAR EN LA CARPETA
Q29: PEDIATRIA | R29: 40
Q30: PEDIATRIA SUB | R30: 30
Q31: ACUPUNTURA | R31: 40
Q32: ACUPUNTURA SUB | R32: 30

Sheet MES_2026
A1: PACIENTE IESS ISSFA ISSPOL MSP SEGURO CAMPESINO | B1: DEPENDENCIA | C1: DEPENDENCIA CODIGO | D1: NUMERO EXPEDIENTE | E1: FECHA ATENCION (dia/mes/año) | F1: DESCRIPCIÓN DEL TIPO SEGURO (BENEFICIARIO) | G1: TIPO SEGURO (BENEFICIARIO) | H1: C.I PACIENTE | I1: APELLIDOS Y NOMBRES (SOLO MAYUSCULAS) | J1: SEXO | K1: FECHA NACIMIENTO (día/mes/año) | L1: EDAD | M1: CIE 10 (1) | N1: PRIMERA/SUBSECUENTE | O1: DURACIÓN | P1: DURACION CONSULTA (TIEMPO) | Q1: PARENTESCO | R1: PARENTESCO CODIGO | S1: CI AFILIADO | T1: APELLIDOS Y NOMBRES (SOLO MAYUSCULAS) | U1: DIAGNOSTICO PRESUNTIVO/DEFINITIVO | V1: OBSERVACIONES | W1: NOMBRE DEL RESPONSABLE (persona que ingresa la información)
C2: =VLOOKUP(B2,MAESTRO!$D$4:$E$10,2,FALSE) -> #N/A | D2: =IF(C2>0,1) -> #N/A | G2: =VLOOKUP(F2,MAESTRO!$G$4:$H$14,2,FALSE) -> #N/A | L2: =DATEDIF(K2,TODAY(),"Y") -> 126 | O2: =+B2 -> 0 | P2: =IF(N2="PRIMERA", VLOOKUP(O2,MAESTRO!M:O,2,FALSE), VLOOKUP(O2,MAESTRO!M:O,3,FALSE) ) -> #N/A | R2: =VLOOKUP(Q2,MAESTRO!$P$5:$Q$8,2,FALSE) -> #N/A | S2: =IF(Q2="TITULAR",H2,"NO ES TITULAR") -> NO ES TITULAR | T2: =IF(Q2="TITULAR",I2,"NO ES TITULAR") -> NO ES TITULAR
C3: =VLOOKUP(B3,MAESTRO!$D$4:$E$10,2,FALSE) -> #N/A | D3: =IF(C3>0,1+D2) -> #N/A | G3: =VLOOKUP(F3,MAESTRO!$G$4:$H$14,2,FALSE) -> #N/A | L3: =DATEDIF(K3,TODAY(),"Y") -> 126 | O3: =+B3 -> 0 | P3: =IF(N3="PRIMERA", VLOOKUP(O3,MAESTRO!M:O,2,FALSE), VLOOKUP(O3,MAESTRO!M:O,3,FALSE) ) -> #N/A | R3: =VLOOKUP(Q3,MAESTRO!$P$5:$Q$8,2,FALSE) -> #N/A | S3: =IF(Q3="TITULAR",H3,"NO ES TITULAR") -> NO ES TITULAR | T3: =IF(Q3="TITULAR",I3,"NO ES TITULAR") -> NO ES TITULAR
C4: =VLOOKUP(B4,MAESTRO!$D$4:$E$10,2,FALSE) -> #N/A | D4: =IF(C4>0,1+D3) -> #N/A | G4: =VLOOKUP(F4,MAESTRO!$G$4:$H$14,2,FALSE) -> #N/A | L4: =DATEDIF(K4,TODAY(),"Y") -> 126 | O4: =+B4 -> 0 | P4: =IF(N4="PRIMERA", VLOOKUP(O4,MAESTRO!M:O,2,FALSE), VLOOKUP(O4,MAESTRO!M:O,3,FALSE) ) -> #N/A | R4: =VLOOKUP(Q4,MAESTRO!$P$5:$Q$8,2,FALSE) -> #N/A | S4: =IF(Q4="TITULAR",H4,"NO ES TITULAR") -> NO ES TITULAR | T4: =IF(Q4="TITULAR",I4,"NO ES TITULAR") -> NO ES TITULAR
C5: =VLOOKUP(B5,MAESTRO!$D$4:$E$10,2,FALSE) -> #N/A | D5: =IF(C5>0,1+D4) -> #N/A | G5: =VLOOKUP(F5,MAESTRO!$G$4:$H$14,2,FALSE) -> #N/A | L5: =DATEDIF(K5,TODAY(),"Y") -> 126 | O5: =+B5 -> 0 | P5: =IF(N5="PRIMERA", VLOOKUP(O5,MAESTRO!M:O,2,FALSE), VLOOKUP(O5,MAESTRO!M:O,3,FALSE) ) -> #N/A | R5: =VLOOKUP(Q5,MAESTRO!$P$5:$Q$8,2,FALSE) -> #N/A | S5: =IF(Q5="TITULAR",H5,"NO ES TITULAR") -> NO ES TITULAR | T5: =IF(Q5="TITULAR",I5,"NO ES TITULAR") -> NO ES TITULAR
C6: =VLOOKUP(B6,MAESTRO!$D$4:$E$10,2,FALSE) -> #N/A | D6: =IF(C6>0,1+D5) -> #N/A | G6: =VLOOKUP(F6,MAESTRO!$G$4:$H$14,2,FALSE) -> #N/A | L6: =DATEDIF(K6,TODAY(),"Y") -> 126 | O6: =+B6 -> 0 | P6: =IF(N6="PRIMERA", VLOOKUP(O6,MAESTRO!M:O,2,FALSE), VLOOKUP(O6,MAESTRO!M:O,3,FALSE) ) -> #N/A | R6: =VLOOKUP(Q6,MAESTRO!$P$5:$Q$8,2,FALSE) -> #N/A | S6: =IF(Q6="TITULAR",H6,"NO ES TITULAR") -> NO ES TITULAR | T6: =IF(Q6="TITULAR",I6,"NO ES TITULAR") -> NO ES TITULAR
C7: =VLOOKUP(B7,MAESTRO!$D$4:$E$10,2,FALSE) -> #N/A | D7: =IF(C7>0,1+D6) -> #N/A | G7: =VLOOKUP(F7,MAESTRO!$G$4:$H$14,2,FALSE) -> #N/A | L7: =DATEDIF(K7,TODAY(),"Y") -> 126 | O7: =+B7 -> 0 | P7: =IF(N7="PRIMERA", VLOOKUP(O7,MAESTRO!M:O,2,FALSE), VLOOKUP(O7,MAESTRO!M:O,3,FALSE) ) -> #N/A | R7: =VLOOKUP(Q7,MAESTRO!$P$5:$Q$8,2,FALSE) -> #N/A | S7: =IF(Q7="TITULAR",H7,"NO ES TITULAR") -> NO ES TITULAR | T7: =IF(Q7="TITULAR",I7,"NO ES TITULAR") -> NO ES TITULAR
C8: =VLOOKUP(B8,MAESTRO!$D$4:$E$10,2,FALSE) -> #N/A | D8: =IF(C8>0,1+D7) -> #N/A | G8: =VLOOKUP(F8,MAESTRO!$G$4:$H$14,2,FALSE) -> #N/A | L8: =DATEDIF(K8,TODAY(),"Y") -> 126 | O8: =+B8 -> 0 | P8: =IF(N8="PRIMERA", VLOOKUP(O8,MAESTRO!M:O,2,FALSE), VLOOKUP(O8,MAESTRO!M:O,3,FALSE) ) -> #N/A | R8: =VLOOKUP(Q8,MAESTRO!$P$5:$Q$8,2,FALSE) -> #N/A | S8: =IF(Q8="TITULAR",H8,"NO ES TITULAR") -> NO ES TITULAR | T8: =IF(Q8="TITULAR",I8,"NO ES TITULAR") -> NO ES TITULAR
C9: =VLOOKUP(B9,MAESTRO!$D$4:$E$10,2,FALSE) -> #N/A | D9: =IF(C9>0,1+D8) -> #N/A | G9: =VLOOKUP(F9,MAESTRO!$G$4:$H$14,2,FALSE) -> #N/A | L9: =DATEDIF(K9,TODAY(),"Y") -> 126 | O9: =+B9 -> 0 | P9: =IF(N9="PRIMERA", VLOOKUP(O9,MAESTRO!M:O,2,FALSE), VLOOKUP(O9,MAESTRO!M:O,3,FALSE) ) -> #N/A | R9: =VLOOKUP(Q9,MAESTRO!$P$5:$Q$8,2,FALSE) -> #N/A | S9: =IF(Q9="TITULAR",H9,"NO ES TITULAR") -> NO ES TITULAR | T9: =IF(Q9="TITULAR",I9,"NO ES TITULAR") -> NO ES TITULAR
C10: =VLOOKUP(B10,MAESTRO!$D$4:$E$10,2,FALSE) -> #N/A | D10: =IF(C10>0,1+D9) -> #N/A | G10: =VLOOKUP(F10,MAESTRO!$G$4:$H$14,2,FALSE) -> #N/A | L10: =DATEDIF(K10,TODAY(),"Y") -> 126 | O10: =+B10 -> 0 | P10: =IF(N10="PRIMERA", VLOOKUP(O10,MAESTRO!M:O,2,FALSE), VLOOKUP(O10,MAESTRO!M:O,3,FALSE) ) -> #N/A | R10: =VLOOKUP(Q10,MAESTRO!$P$5:$Q$8,2,FALSE) -> #N/A | S10: =IF(Q10="TITULAR",H10,"NO ES TITULAR") -> NO ES TITULAR | T10: =IF(Q10="TITULAR",I10,"NO ES TITULAR") -> NO ES TITULAR
C11: =VLOOKUP(B11,MAESTRO!$D$4:$E$10,2,FALSE) -> #N/A | D11: =IF(C11>0,1+D10) -> #N/A | G11: =VLOOKUP(F11,MAESTRO!$G$4:$H$14,2,FALSE) -> #N/A | L11: =DATEDIF(K11,TODAY(),"Y") -> 126 | O11: =+B11 -> 0 | P11: =IF(N11="PRIMERA", VLOOKUP(O11,MAESTRO!M:O,2,FALSE), VLOOKUP(O11,MAESTRO!M:O,3,FALSE) ) -> #N/A | R11: =VLOOKUP(Q11,MAESTRO!$P$5:$Q$8,2,FALSE) -> #N/A | S11: =IF(Q11="TITULAR",H11,"NO ES TITULAR") -> NO ES TITULAR | T11: =IF(Q11="TITULAR",I11,"NO ES TITULAR") -> NO ES TITULAR
C12: =VLOOKUP(B12,MAESTRO!$D$4:$E$10,2,FALSE) -> #N/A | D12: =IF(C12>0,1+D11) -> #N/A | G12: =VLOOKUP(F12,MAESTRO!$G$4:$H$14,2,FALSE) -> #N/A | L12: =DATEDIF(K12,TODAY(),"Y") -> 126 | O12: =+B12 -> 0 | P12: =IF(N12="PRIMERA", VLOOKUP(O12,MAESTRO!M:O,2,FALSE), VLOOKUP(O12,MAESTRO!M:O,3,FALSE) ) -> #N/A | R12: =VLOOKUP(Q12,MAESTRO!$P$5:$Q$8,2,FALSE) -> #N/A | S12: =IF(Q12="TITULAR",H12,"NO ES TITULAR") -> NO ES TITULAR | T12: =IF(Q12="TITULAR",I12,"NO ES TITULAR") -> NO ES TITULAR
C13: =VLOOKUP(B13,MAESTRO!$D$4:$E$10,2,FALSE) -> #N/A | D13: =IF(C13>0,1+D12) -> #N/A | G13: =VLOOKUP(F13,MAESTRO!$G$4:$H$14,2,FALSE) -> #N/A | L13: =DATEDIF(K13,TODAY(),"Y") -> 126 | O13: =+B13 -> 0 | P13: =IF(N13="PRIMERA", VLOOKUP(O13,MAESTRO!M:O,2,FALSE), VLOOKUP(O13,MAESTRO!M:O,3,FALSE) ) -> #N/A | R13: =VLOOKUP(Q13,MAESTRO!$P$5:$Q$8,2,FALSE) -> #N/A | S13: =IF(Q13="TITULAR",H13,"NO ES TITULAR") -> NO ES TITULAR | T13: =IF(Q13="TITULAR",I13,"NO ES TITULAR") -> NO ES TITULAR
C14: =VLOOKUP(B14,MAESTRO!$D$4:$E$10,2,FALSE) -> #N/A | D14: =IF(C14>0,1+D13) -> #N/A | G14: =VLOOKUP(F14,MAESTRO!$G$4:$H$14,2,FALSE) -> #N/A | L14: =DATEDIF(K14,TODAY(),"Y") -> 126 | O14: =+B14 -> 0 | P14: =IF(N14="PRIMERA", VLOOKUP(O14,MAESTRO!M:O,2,FALSE), VLOOKUP(O14,MAESTRO!M:O,3,FALSE) ) -> #N/A | R14: =VLOOKUP(Q14,MAESTRO!$P$5:$Q$8,2,FALSE) -> #N/A | S14: =IF(Q14="TITULAR",H14,"NO ES TITULAR") -> NO ES TITULAR | T14: =IF(Q14="TITULAR",I14,"NO ES TITULAR") -> NO ES TITULAR
... C411: =VLOOKUP(B411,MAESTRO!$D$4:$E$10,2,FALSE) -> #N/A | D411: =IF(C411>0,1+D410) -> #N/A | G411: =VLOOKUP(F411,MAESTRO!$G$4:$H$14,2,FALSE) -> #N/A | L411: =DATEDIF(K411,TODAY(),"Y") -> 126 | O411: =+B411 -> 0 | P411: =IF(N411="PRIMERA", VLOOKUP(O411,MAESTRO!M:O,2,FALSE), VLOOKUP(O411,MAESTRO!M:O,3,FALSE) ) -> #N/A | R411: =VLOOKUP(Q411,MAESTRO!$P$5:$Q$8,2,FALSE) -> #N/A | S411: =IF(Q411="TITULAR",H411,"NO ES TITULAR") -> NO ES TITULAR | T411: =IF(Q411="TITULAR",I411,"NO ES TITULAR") -> NO ES TITULAR
